,Skills,Involvement,Exp,HR,DetailID
0,".NET, C#, Django, Golang, Hibernate, J2EE, Java, Python",Software Engineering ,3-7 Years,Mir Mohammed Raza,0
1,"ATL, BTL, Brand Management, Digital Marketing, Game Development, Marketing Communication",Marketing ,8-12 Years,Ranjita Brahma,1
2,"AWS, Ansible, CI - CD, Jenkins, Kubernetes, Linux",IT Operations and Support ,8-10 Years,Shreya N,2
3,"AWS, Azure, DevOps, Docker, Kubernetes",IT Operations and Support ,3-6 Years,Consult Bae,3
4,"AWS, CI - CD, DNS, DevOps, FTP, HTTP, Linux, Perl, PowerShell, Python, SSH, Shell Scripting",IT Operations and Support ,9-12 Years,Aparna Rajkhowa,4
5,"AWS, Kubernetes, Linux, RDBMS, SQL",IT Operations and Support ,4-7 Years,Bhuvaneshwari T,5
6,"AWS, Kubernetes, Linux, Terraform",IT Operations and Support ,5-8 Years,Prashant Shetty,6
7,"Accounting, Auditing, Finance, Chartered Accountant, Financial Analysis, Financial Planning, Financial Reporting",Operations ,6-10 Years,Nirmala Bareth,7
8,"Accounting, Auditing, Finance, Chartered Accountant, Financial Reporting",Operations ,11-15 Years,Sporshita Ray,8
9,"Accounting, Auditing, Finance, Taxation, Budgeting, Chartered Accountant, External Audit, Financial Analysis, Financial Planning, Financial Reporting, GST, Income Tax, Internal Audit, Payroll Management, QuickBooks, Sales Tax, Statutory Audit, TDS, VAT, Zoho Books",Operations ,3-5 Years,Aastha Sharma,9
10,"Accounting, Auditing, Finance, Taxation, Budgeting, Chartered Accountant, External Audit, Financial Analysis, Financial Planning, Financial Reporting, GST, Internal Audit, MIS, Tally",Operations ,6-8 Years,Ambika Yadravi,10
11,"Accounting, Auditing, Finance, Taxation, Budgeting, External Audit, Financial Analysis, GST, Income Tax, Internal Audit, MIS, Sales Tax, Tally, TDS",Operations ,2-6 Years,Rahul Gupta,11
12,"Accounting, Auditing, Finance, Taxation, Chartered Accountant, Financial Planning, Financial Reporting, GST, Income Tax, MIS, TDS",Operations ,5-9 Years,Pallavi Yadav,12
13,"Accounting, Budgeting, Chartered Accountant, Finance, Financial Analysis, Financial Planning, Financial Reporting, MIS",Operations ,8-10 Years,Komal Kareer,13
14,"Accounting, Finance, MIS, Payroll Management, QuickBooks",Operations ,1-5 Years,Mansi Sharma,14
15,"Accounting, Finance, Payroll Management",Operations ,10-14 Years,Hema Negi,15
16,"Accounting, Finance, Taxation, GST, Income Tax, MIS, Payroll Management, Tally, TDS",Operations ,3-6 Years,Rebka Pilli,16
17,"Agile, Program Management, Project Management, Scrum",Technical Management ,1-5 Years,Radhika Agrawal,17
18,"Asset Management, Facility Management, Office Operations, Vendor Management",Operations ,2-6 Years,Sumit Patel Hehim,18
19,Automation Testing,Software Engineering ,3-6 Years,Suman Kumari,19
20,"BPO Operations, Call Center Operations, Customer Interaction, Customer Service",Sales and Business ,2-4 Years,Amritpal Singh,20
21,"Behavioural Training, Corporate Training, Training Management",Operations ,3-7 Years,Nanditha Hr,21
22,"Big Data, Django, Express.js, Flask, Golang, Java, MySQL, Node.js, PostgreSQL, Python, Ruby, Ruby on Rails",Software Engineering ,8-12 Years,Sairam Kunala,22
23,"Brand Management, Business Development, Category Management, Vendor Management",Sales and Business ,2-5 Years,Keerti Rathore,23
24,"Brand Management, Business Development, Corporate Strategy, General Management, Operations Management, Strategic Planning",Sales and Business ,3-6 Years,Ankit Garg,24
25,Business Analysis,Data Science and Analysis ,4-6 Years,Garima Singh,25
26,Business Development,Sales and Business ,3-7 Years,Mandeep Agarwal,26
27,Business Development,Sales and Business ,4-8 Years,Vasundhara Sharma,27
28,Business Development,Sales and Business ,3-6 Years,Raj Preethi K,28
29,Business Development,Sales and Business ,2-6 Years,Rifa Hassan,29
30,Business Development,Sales and Business ,5-7 Years,Steinbeis India,30
31,Business Development,Sales and Business ,1-4 Years,Yashpreet Kaur,31
32,Business Development,Sales and Business ,4-6 Years,Feroz Mohan Malik,32
33,Business Development,Sales and Business ,0-3 Years,Dipali Meshram,33
34,Business Development,Sales and Business ,1-3 Years,Saranya B M,34
35,Business Development,Sales and Business ,0-0 Years,Tanvi Sharma,35
36,Business Development,Sales and Business ,2-4 Years,Hr Manager,36
37,"Business Development, CRM, Corporate Sales, Google Workspace, Microsoft Office, Sales",Sales and Business ,3-5 Years,Nakita Fernandes,37
38,"Business Development, CRM, Lead Generation, Marketing",Sales and Business ,2-6 Years,Tuzar Baria,38
39,"Business Development, Career Counselling, Education Counselling, Sales, Telecalling",Sales and Business ,0-1 Years,Rakesh Sethi,39
40,"Business Development, Category Management",Sales and Business ,1-3 Years,Panchali Bharali,40
41,"Business Development, Channel Sales, Key Account Management, Microsoft Excel, Microsoft PowerPoint, Sales, Stakeholder Management",Sales and Business ,2-6 Years,Ankita Singh,41
42,"Business Development, Corporate Sales",Sales and Business ,8-12 Years,Dipika Manglani,42
43,"Business Development, Corporate Sales, Direct Sales",Sales and Business ,1-5 Years,Reetu Garg,43
44,"Business Development, Corporate Sales, Direct Sales",Sales and Business ,5-9 Years,Hr Tistabene,44
45,"Business Development, Corporate Sales, Direct Sales, International Sales, Lead Generation, Revenue Management, Sales",Sales and Business ,1-4 Years,Sunitha Mudiraj,45
46,"Business Development, Corporate Sales, Direct Sales, International Sales, Lead Generation, Sales, Sales Operations",Sales and Business ,2-5 Years,Bhabani Singh,46
47,"Business Development, Corporate Sales, Direct Sales, International Sales, Sales",Sales and Business ,2-6 Years,Divyani Jain,47
48,"Business Development, Corporate Sales, Direct Sales, International Sales, Sales",Sales and Business ,2-6 Years,Rekha Singh,48
49,"Business Development, Corporate Sales, Direct Sales, International Sales, Sales",Sales and Business ,2-6 Years,Mayanka Trehan,49
50,"Business Development, Corporate Sales, Direct Sales, International Sales, Sales",Sales and Business ,2-5 Years,Vickky Sahoo,50
51,"Business Development, Corporate Sales, Direct Sales, International Sales, Sales",Sales and Business ,1-1 Years,Omka Tech,51
52,"Business Development, Corporate Sales, Direct Sales, International Sales, Sales",Sales and Business ,4-8 Years,Saloni Dubey,52
53,"Business Development, Corporate Sales, Direct Sales, International Sales, Sales",Sales and Business ,2-5 Years,Fariya Ilyas,53
54,"Business Development, Corporate Sales, Direct Sales, International Sales, Sales",Sales and Business ,1-2 Years,Neha Tiwari,54
55,"Business Development, Corporate Sales, Direct Sales, International Sales, Sales",Sales and Business ,4-6 Years,Saloni Dubey,55
56,"Business Development, Corporate Sales, Direct Sales, International Sales, Sales",Sales and Business ,1-3 Years,Seenivasan M,56
57,"Business Development, Corporate Sales, Direct Sales, International Sales, Sales",Sales and Business ,3-7 Years,Ashwin Modi,57
58,"Business Development, Corporate Sales, Direct Sales, International Sales, Sales",Sales and Business ,3-5 Years,Srilakshmi Nair,58
59,"Business Development, Corporate Sales, Direct Sales, International Sales, Sales",Sales and Business ,2-5 Years,Saloni Dubey,59
60,"Business Development, Corporate Sales, Direct Sales, International Sales, Sales, Telecalling",Sales and Business ,3-5 Years,Prem Chand,60
61,"Business Development, Corporate Sales, Direct Sales, International Sales, Sales, Telecalling",Sales and Business ,1-3 Years,Placement Egc,61
62,"Business Development, Corporate Sales, Direct Sales, International Sales, Sales, Telecalling",Sales and Business ,3-7 Years,Rangaraj G,62
63,"Business Development, Corporate Sales, Direct Sales, International Sales, Sales, Telecalling",Sales and Business ,2-5 Years,Mayank Singh,63
64,"Business Development, Corporate Sales, Direct Sales, International Sales, Sales, Telecalling",Sales and Business ,2-6 Years,Jeevan Param,64
65,"Business Development, Corporate Sales, Direct Sales, International Sales, Sales, Telecalling",Sales and Business ,1-4 Years,Swamy B,65
66,"Business Development, Corporate Sales, Direct Sales, International Sales, Sales, Telecalling",Sales and Business ,1-4 Years,Jerry Stanley,66
67,"Business Development, Corporate Sales, Direct Sales, International Sales, Sales, Telecalling",Sales and Business ,1-3 Years,Harshita Singh,67
68,"Business Development, Corporate Sales, Direct Sales, International Sales, Sales, Telecalling",Sales and Business ,1-2 Years,Sony Naresh IT,68
69,"Business Development, Corporate Sales, Direct Sales, International Sales, Sales, Telecalling",Sales and Business ,2-5 Years,Pradeep Unnikannan,69
70,"Business Development, Corporate Sales, Direct Sales, Presales, Sales, Telecalling",Sales and Business ,1-4 Years,Gautam Raj,70
71,"Business Development, Corporate Sales, Direct Sales, Sales",Sales and Business ,2-6 Years,Disha Behl,71
72,"Business Development, Corporate Sales, Direct Sales, Sales",Sales and Business ,2-6 Years,Sumit Keshri,72
73,"Business Development, Corporate Sales, Direct Sales, Sales",Sales and Business ,0-0 Years,Janvi Singh,73
74,"Business Development, Corporate Sales, Direct Sales, Sales",Sales and Business ,3-7 Years,Tanzeem Ashraf,74
75,"Business Development, Corporate Sales, Direct Sales, Sales",Sales and Business ,1-4 Years,Sailesh Iyer,75
76,"Business Development, Corporate Sales, Direct Sales, Sales",Sales and Business ,7-10 Years,Mary Dsouza,76
77,"Business Development, Corporate Sales, Direct Sales, Sales",Sales and Business ,0-4 Years,Antsglobe Technologies,77
78,"Business Development, Corporate Sales, Direct Sales, Sales",Sales and Business ,1-4 Years,Anashwara Mathew,78
79,"Business Development, Corporate Sales, Direct Sales, Sales",Sales and Business ,2-5 Years,Sonia Sharma,79
80,"Business Development, Corporate Sales, Direct Sales, Sales",Sales and Business ,9-12 Years,Jyoti Bohra,80
81,"Business Development, Corporate Sales, Direct Sales, Sales",Sales and Business ,2-4 Years,Anjana Av,81
82,"Business Development, Corporate Sales, Direct Sales, Sales",Sales and Business ,1-5 Years,Meetu Yadav,82
83,"Business Development, Corporate Sales, Direct Sales, Sales",Sales and Business ,1-2 Years,Ashok Biswal,83
84,"Business Development, Corporate Sales, Direct Sales, Sales",Sales and Business ,1-3 Years,Nikhil Gokhale,84
85,"Business Development, Corporate Sales, Direct Sales, Sales",Sales and Business ,3-7 Years,Sunil Naik,85
86,"Business Development, Corporate Sales, Direct Sales, Sales",Sales and Business ,6-10 Years,Kamlesh Tiwari,86
87,"Business Development, Corporate Sales, Direct Sales, Sales",Sales and Business ,1-4 Years,Deepak Beligi,87
88,"Business Development, Corporate Sales, Direct Sales, Sales",Sales and Business ,3-8 Years,Gulshan Jangid,88
89,"Business Development, Corporate Sales, Direct Sales, Sales",Sales and Business ,4-8 Years,Meenakshi Ladha,89
90,"Business Development, Corporate Sales, Direct Sales, Sales",Sales and Business ,6-10 Years,Saloni Dubey,90
91,"Business Development, Corporate Sales, Direct Sales, Sales",Sales and Business ,1-5 Years,Vignesvaran Ar,91
92,"Business Development, Corporate Sales, Direct Sales, Sales",Sales and Business ,7-11 Years,Jyoti Verma,92
93,"Business Development, Corporate Sales, Direct Sales, Sales",Sales and Business ,3-7 Years,Chirag Hirani,93
94,"Business Development, Corporate Sales, Direct Sales, Sales",Sales and Business ,3-7 Years,Atspl Hr,94
95,"Business Development, Corporate Sales, Direct Sales, Sales, Telecalling",Sales and Business ,1-2 Years,Rakesh Kumar V,95
96,"Business Development, Corporate Sales, Direct Sales, Sales, Telecalling",Sales and Business ,2-3 Years,Hr Tistabene,96
97,"Business Development, Corporate Sales, Direct Sales, Sales, Telecalling",Sales and Business ,1-5 Years,Akshaya Lakshmi,97
98,"Business Development, Corporate Sales, Direct Sales, Sales, Telecalling",Sales and Business ,2-5 Years,Boyapati Bhargava,98
99,"Business Development, Corporate Sales, Direct Sales, Sales, Telecalling",Sales and Business ,1-5 Years,Rama Shanker Chaurasia,99
100,"Business Development, Corporate Sales, Direct Sales, Sales, Telecalling",Sales and Business ,1-3 Years,Vinay Karthik,100
101,"Business Development, Corporate Sales, Direct Sales, Sales, Telecalling",Sales and Business ,2-6 Years,Pinki Verma,101
102,"Business Development, Corporate Sales, Direct Sales, Sales, Telecalling",Sales and Business ,1-5 Years,Nikhil Philips,102
103,"Business Development, Corporate Sales, Direct Sales, Sales, Telecalling",Sales and Business ,1-5 Years,Prefect Ed,103
104,"Business Development, Corporate Sales, International Sales",Sales and Business ,4-6 Years,Sonia Garg,104
105,"Business Development, Corporate Sales, International Sales, Sales",Sales and Business ,2-5 Years,Akshit Puri,105
106,"Business Development, Corporate Sales, International Sales, Sales",Sales and Business ,2-4 Years,Mouhiit Mohan,106
107,"Business Development, Corporate Sales, International Sales, Sales",Sales and Business ,3-7 Years,Shailendra Singh,107
108,"Business Development, Corporate Sales, International Sales, Sales",Sales and Business ,1-3 Years,Neha Pandey,108
109,"Business Development, Corporate Sales, International Sales, Sales",Sales and Business ,4-8 Years,Sayan Mondal,109
110,"Business Development, Corporate Sales, International Sales, Sales",Sales and Business ,1-5 Years,Sakshi Maithil,110
111,"Business Development, Corporate Sales, International Sales, Sales",Sales and Business ,0-4 Years,Abhijeet Singh,111
112,"Business Development, Corporate Sales, International Sales, Sales",Sales and Business ,0-2 Years,Sushanth Suvarna,112
113,"Business Development, Corporate Sales, International Sales, Sales",Sales and Business ,6-10 Years,Krati Sharma,113
114,"Business Development, Corporate Sales, International Sales, Sales",Sales and Business ,3-7 Years,Vikas Behl,114
115,"Business Development, Corporate Sales, International Sales, Sales",Sales and Business ,1-4 Years,Talent Acquisition,115
116,"Business Development, Corporate Sales, International Sales, Sales",Sales and Business ,2-3 Years,Satya Prakash,116
117,"Business Development, Corporate Sales, International Sales, Sales",Sales and Business ,1-5 Years,Arun Kumar,117
118,"Business Development, Corporate Sales, International Sales, Sales",Sales and Business ,1-5 Years,Renuka D,118
119,"Business Development, Corporate Sales, International Sales, Sales",Sales and Business ,6-10 Years,Prachi Gupta,119
120,"Business Development, Corporate Sales, International Sales, Sales, Telecalling",Sales and Business ,0-2 Years,Jayesh M,120
121,"Business Development, Corporate Sales, International Sales, Sales, Telecalling",Sales and Business ,1-3 Years,Neha Tiwari,121
122,"Business Development, Corporate Sales, Key Account Management, Microsoft Excel, Microsoft PowerPoint, Sales",Sales and Business ,2-5 Years,Ankita Singh,122
123,"Business Development, Corporate Sales, Sales",Sales and Business ,3-7 Years,Vikrant Bhagwan,123
124,"Business Development, Corporate Sales, Sales",Sales and Business ,1-2 Years,Priyadarsani Panda,124
125,"Business Development, Corporate Sales, Sales",Sales and Business ,10-14 Years,Manali Patil,125
126,"Business Development, Corporate Sales, Sales",Sales and Business ,1-6 Years,Asha Mathpal,126
127,"Business Development, Corporate Sales, Sales",Sales and Business ,3-5 Years,Vishakha Kharade,127
128,"Business Development, Corporate Sales, Sales",Sales and Business ,1-4 Years,Pratiksha Yaduwanshi,128
129,"Business Development, Corporate Sales, Sales",Sales and Business ,2-5 Years,Deepak Mendiratta,129
130,"Business Development, Corporate Sales, Sales",Sales and Business ,1-2 Years,Avantika Sharma,130
131,"Business Development, Corporate Sales, Sales",Sales and Business ,3-7 Years,Meenal Sharma,131
132,"Business Development, Corporate Sales, Sales",Sales and Business ,0-3 Years,Shambhavi From Starclinch,132
133,"Business Development, Corporate Sales, Sales",Sales and Business ,1-4 Years,Rahul Rathore,133
134,"Business Development, Corporate Sales, Sales",Sales and Business ,2-6 Years,Sumit Keshri,134
135,"Business Development, Corporate Sales, Sales",Sales and Business ,1-2 Years,Digicrome Support,135
136,"Business Development, Corporate Sales, Sales",Sales and Business ,4-8 Years,Muskan Majithia,136
137,"Business Development, Corporate Sales, Sales, Sales Enablement, Telecalling",Sales and Business ,1-3 Years,Boyapati Bhargava,137
138,"Business Development, Corporate Sales, Sales, Telecalling",Sales and Business ,1-4 Years,Bani Kmj,138
139,"Business Development, Corporate Sales, Sales, Telecalling",Sales and Business ,1-2 Years,Ayesha Lashkariya,139
140,"Business Development, Corporate Sales, Sales, Telecalling",Sales and Business ,2-6 Years,Rehan Zafar,140
141,"Business Development, Corporate Sales, Telecalling",Sales and Business ,1-5 Years,Aravind N,141
142,"Business Development, Data Analysis",Data Science and Analysis ,12-16 Years,Abhishu Venkata Varahagiri,142
143,"Business Development, Direct Sales",Sales and Business ,1-4 Years,Dev HR Team,143
144,"Business Development, Direct Sales, International Sales",Sales and Business ,5-5 Years,Anjali Chourasia,144
145,"Business Development, Direct Sales, International Sales, Sales",Sales and Business ,1-5 Years,Shruti Goyal,145
146,"Business Development, Direct Sales, International Sales, Sales",Sales and Business ,3-5 Years,Mamta Sharma,146
147,"Business Development, Direct Sales, International Sales, Sales, Telecalling",Sales and Business ,1-3 Years,Fariha Tasnim,147
148,"Business Development, Direct Sales, Sales",Sales and Business ,4-7 Years,Himanshu Gunani,148
149,"Business Development, Direct Sales, Sales",Sales and Business ,1-5 Years,Snehil Tiwari,149
150,"Business Development, Direct Sales, Sales",Sales and Business ,2-4 Years,Rahul Gupta,150
151,"Business Development, Direct Sales, Sales",Sales and Business ,2-6 Years,Hr Department,151
152,"Business Development, Direct Sales, Sales",Sales and Business ,2-4 Years,Vidhi Jain,152
153,"Business Development, Direct Sales, Sales",Sales and Business ,3-5 Years,Rohith Pramod,153
154,"Business Development, Direct Sales, Sales",Sales and Business ,0-4 Years,Yachika Kanojia Hrrecruiter,154
155,"Business Development, Direct Sales, Sales",Sales and Business ,0-3 Years,Arushi Agarwal,155
156,"Business Development, Direct Sales, Sales",Sales and Business ,1-5 Years,Vignesvaran Ar,156
157,"Business Development, Direct Sales, Sales",Sales and Business ,4-8 Years,Yesha Verma,157
158,"Business Development, Direct Sales, Sales",Sales and Business ,1-4 Years,Nair Rinku,158
159,"Business Development, Direct Sales, Sales",Sales and Business ,2-4 Years,S Rupesh Kumar,159
160,"Business Development, Direct Sales, Sales",Sales and Business ,10-14 Years,Vikas Kumar,160
161,"Business Development, Direct Sales, Sales",Sales and Business ,1-5 Years,Deepika Prajapati,161
162,"Business Development, Direct Sales, Sales",Sales and Business ,2-6 Years,Jhansi Patnaikuni,162
163,"Business Development, Direct Sales, Sales",Sales and Business ,2-6 Years,Kavita Chitlangi,163
164,"Business Development, Direct Sales, Sales, Telecalling",Sales and Business ,1-5 Years,Anima,164
165,"Business Development, Direct Sales, Sales, Telecalling",Sales and Business ,1-3 Years,Rashmi Choudhary,165
166,"Business Development, Direct Sales, Sales, Telecalling",Sales and Business ,2-4 Years,Pradeep Unnikannan,166
167,"Business Development, Direct Sales, Sales, Telecalling",Sales and Business ,1-5 Years,Sobhana Kothamasu,167
168,"Business Development, Direct Sales, Sales, Telecalling",Sales and Business ,1-3 Years,Rabi Agrawal,168
169,"Business Development, Direct Sales, Sales, Telecalling",Sales and Business ,0-2 Years,Pradeep Sena Reddy Singam,169
170,"Business Development, Direct Sales, Sales, Telecalling",Sales and Business ,1-4 Years,Pradeep Unnikannan,170
171,"Business Development, Direct Sales, Sales, Telecalling",Sales and Business ,2-4 Years,Sidda Bhavana,171
172,"Business Development, EMEA, International Sales, SMB",Sales and Business ,3-7 Years,Afreen Naz,172
173,"Business Development, General Management, Corporate Strategy, Strategic Planning",Sales and Business ,5-6 Years,M Keerthi Sree Hashni,173
174,"Business Development, General Management, Operations Management, Strategic Planning",Sales and Business ,2-5 Years,Impact Guru Foundation,174
175,"Business Development, International Sales",Sales and Business ,1-3 Years,Mayanka Shrivastava,175
176,"Business Development, International Sales, Lead Generation, Sales",Sales and Business ,2-6 Years,Shikha Jain,176
177,"Business Development, International Sales, Sales",Sales and Business ,2-6 Years,Neha Kothari,177
178,"Business Development, International Sales, Sales",Sales and Business ,1-5 Years,Bhagyashree W,178
179,"Business Development, International Sales, Sales",Sales and Business ,2-5 Years,Kailuni Lanah,179
180,"Business Development, International Sales, Sales",Sales and Business ,4-8 Years,Geeta Sariya,180
181,"Business Development, International Sales, Sales",Sales and Business ,2-6 Years,Ankita M,181
182,"Business Development, International Sales, Sales",Sales and Business ,2-4 Years,HR Ishita Parmar,182
183,"Business Development, International Sales, Sales",Sales and Business ,2-4 Years,Prabhjot Kaur,183
184,"Business Development, International Sales, Sales",Sales and Business ,1-2 Years,Nishu Rajput,184
185,"Business Development, International Sales, Sales",Sales and Business ,6-10 Years,Sakshi Maithil,185
186,"Business Development, International Sales, Sales",Sales and Business ,1-4 Years,Shreya Jain,186
187,"Business Development, International Sales, Sales",Sales and Business ,3-6 Years,Mamta Sharma,187
188,"Business Development, International Sales, Sales",Sales and Business ,2-5 Years,Shashi Mourya,188
189,"Business Development, International Sales, Sales",Sales and Business ,1-3 Years,Purvi Aggarwal,189
190,"Business Development, International Sales, Sales",Sales and Business ,1-3 Years,Radhika Goel,190
191,"Business Development, International Sales, Sales",Sales and Business ,3-6 Years,Megha Arora,191
192,"Business Development, International Sales, Sales",Sales and Business ,4-8 Years,Mahima Singh,192
193,"Business Development, International Sales, Sales",Sales and Business ,8-12 Years,Ranjita Brahma,193
194,"Business Development, International Sales, Sales, Telecalling",Sales and Business ,2-6 Years,Nisha Sakure,194
195,"Business Development, International Sales, Sales, Telecalling",Sales and Business ,1-2 Years,Siya Chavan,195
196,"Business Development, International Sales, Sales, Telecalling",Sales and Business ,1-5 Years,Ishika Gupta,196
197,"Business Development, Mutual Funds, Sales",Sales and Business ,3-5 Years,Supriya Samson,197
198,"Business Development, Sales",Sales and Business ,1-3 Years,Drishya Bhatia,198
199,"Business Development, Sales",Sales and Business ,1-3 Years,Hr Mute Web Technologies,199
200,"Business Development, Sales",Sales and Business ,1-1 Years,Canvas Craft Media HR,200
201,"Business Development, Sales",Sales and Business ,0-2 Years,Vikram Mishra,201
202,"Business Development, Sales",Sales and Business ,1-2 Years,Archana Anand,202
203,"Business Development, Sales",Sales and Business ,1-5 Years,Shravani Gowda,203
204,"Business Development, Sales",Sales and Business ,3-7 Years,Printbranch Career,204
205,"Business Development, Sales",Sales and Business ,2-6 Years,Priyanka Gurav,205
206,"Business Development, Sales",Sales and Business ,0-1 Years,Preety,206
207,"Business Development, Sales",Sales and Business ,0-1 Years,Imran Khan,207
208,"Business Development, Sales",Sales and Business ,0-1 Years,Shakshi Bhimani,208
209,"Business Development, Sales",Sales and Business ,1-5 Years,Pushpa Anjali A,209
210,"Business Development, Sales",Sales and Business ,5-9 Years,Shiwangi Sinha,210
211,"Business Development, Sales",Sales and Business ,4-8 Years,Monika Pant,211
212,"Business Development, Sales",Sales and Business ,1-3 Years,Garima Garg,212
213,"Business Development, Sales",Sales and Business ,3-7 Years,Pradeep Unnikannan,213
214,"Business Development, Sales",Sales and Business ,3-5 Years,Vikram Mishra,214
215,"Business Development, Sales",Sales and Business ,10-14 Years,Syed Niloufer Naina Hiring Srpython And Progress,215
216,"Business Development, Sales",Sales and Business ,2-6 Years,Saloni Dubey,216
217,"Business Development, Sales",Sales and Business ,3-7 Years,Anju Mangla,217
218,"Business Development, Sales",Sales and Business ,5-9 Years,Aarti Gupta,218
219,"Business Development, Sales",Sales and Business ,1-3 Years,Mahek Garg,219
220,"Business Development, Sales",Sales and Business ,5-9 Years,Supriya C,220
221,"Business Development, Sales",Sales and Business ,2-6 Years,Pooja Bhavin Sheth,221
222,"Business Development, Sales",Sales and Business ,5-9 Years,Kokila S,222
223,"Business Development, Sales",Sales and Business ,2-6 Years,Aparna Chaphekar,223
224,"Business Development, Sales",Sales and Business ,1-2 Years,Aafrin Sultanak,224
225,"Business Development, Sales",Sales and Business ,2-3 Years,Pradeepthi Reddy,225
226,"Business Development, Sales",Sales and Business ,0-3 Years,Vikram Champaneria,226
227,"Business Development, Sales",Sales and Business ,3-5 Years,Rina Rathod,227
228,"Business Development, Sales",Sales and Business ,15-20 Years,Siddhartha S,228
229,"Business Development, Sales",Sales and Business ,4-8 Years,Tulika Srivastava,229
230,"Business Development, Sales, Sales Enablement",Sales and Business ,4-7 Years,Feroj Sayyad,230
231,"Business Development, Sales, Shopify",Sales and Business ,1-1 Years,Swathi S,231
232,"Business Development, Sales, Telecalling",Sales and Business ,0-0 Years,Sudhir S Chaurasiya,232
233,"Business Development, Sales, Telecalling",Sales and Business ,1-5 Years,Raj Kumar,233
234,"Business Development, Sales, Telecalling",Sales and Business ,0-1 Years,Neha Dharni,234
235,"Business Development, Sales, Telecalling",Sales and Business ,1-4 Years,Placement Egc,235
236,"Business Development, Sales, Telecalling",Sales and Business ,5-9 Years,Pradeep Unnikannan,236
237,"CRM, Customer Interaction, Customer Relationship, Customer Service, Desktop Troubleshooting",Sales and Business ,3-7 Years,Inderpreet Kaur,237
238,"CRM, Customer Interaction, Customer Relationship, Customer Service, Key Account Management",Sales and Business ,4-6 Years,Sheeba Morris,238
239,"CSS, HTML, JavaScript, React.js",Software Engineering ,6-6 Years,Amit Dugar,239
240,"Career Counselling, Direct Sales, Sales, Telecalling",Sales and Business ,1-3 Years,Mesotap Hr,240
241,"Consumer Software, Product Management",Technical Management ,7-11 Years,Deepthi Ravindran,241
242,"Content Marketing, Content Writing",Marketing ,4-6 Years,Senthilmurugan Raju,242
243,"Content Marketing, Content Writing",Marketing ,1-3 Years,Vijayalakshmi R,243
244,"Content Marketing, Content Writing",Marketing ,5-8 Years,Tehzun Vasanwala,244
245,"Content Marketing, Content Writing",Marketing ,2-5 Years,Uloapp A New Wave Of Living,245
246,"Content Marketing, Content Writing",Marketing ,0-3 Years,Zero Cac,246
247,"Content Marketing, Content Writing",Marketing ,2-4 Years,Revathi Ramakrishnan,247
248,"Content Marketing, Content Writing",Marketing ,3-7 Years,Recruit Reckonsys,248
249,"Content Marketing, Content Writing, English Content",Marketing ,1-3 Years,Sanjeev Kumar,249
250,"Content Marketing, Content Writing, English Content",Marketing ,2-3 Years,Wilma Lobo,250
251,"Content Marketing, Content Writing, English Content",Marketing ,1-4 Years,Akshaya Lakshmi,251
252,"Content Marketing, Content Writing, English Content",Marketing ,2-6 Years,Rahul Muley,252
253,"Content Marketing, Content Writing, English Content",Marketing ,3-5 Years,Kush Kansara,253
254,"Content Marketing, Content Writing, English Content",Marketing ,1-4 Years,Suman Naskar,254
255,"Content Marketing, Content Writing, English Content",Marketing ,5-9 Years,Shiwangi Sinha,255
256,"Content Marketing, Content Writing, English Content",Marketing ,2-5 Years,Kalpana Prasanna,256
257,"Content Marketing, Content Writing, English Content, Hindi Content",Marketing ,0-2 Years,Abhinay Gautam Singh,257
258,Content Writing,Marketing ,3-7 Years,Bhanu R,258
259,Content Writing,Marketing ,1-2 Years,Farzana Q,259
260,Content Writing,Marketing ,4-7 Years,Kalpana Choudhary,260
261,Content Writing,Marketing ,3-5 Years,Khushali Vyas,261
262,Content Writing,Marketing ,3-4 Years,Supriya Samson,262
263,Content Writing,Marketing ,3-7 Years,Brijesh Vamdev,263
264,Content Writing,Marketing ,0-3 Years,Srishti Garg,264
265,Content Writing,Marketing ,0-1 Years,Steffi Patel,265
266,"Content Writing, English Content",Marketing ,1-5 Years,Shavin Kamble,266
267,"Content Writing, English Content",Marketing ,1-5 Years,Reshma Krishnan,267
268,"Content Writing, English Content",Marketing ,3-5 Years,Snigdha Sen,268
269,"Content Writing, English Content",Marketing ,4-8 Years,Swati Jhamb,269
270,"Content Writing, English Content",Marketing ,1-2 Years,Bhuvi Verma,270
271,"Content Writing, English Content",Marketing ,3-6 Years,Neha Goel,271
272,"Content Writing, English Content, Hindi Content",Marketing ,2-6 Years,Rashika Deswal,272
273,"Contract Drafting, KAM, Property Acquisition, Proposal Writing",Sales and Business ,6-10 Years,Kavita Singh,273
274,"Corporate Sales, Direct Sales, International Sales, Sales",Sales and Business ,5-7 Years,Prithivirajan S,274
275,"Corporate Sales, Direct Sales, Sales",Sales and Business ,0-1 Years,Anjali Parakkal,275
276,"Corporate Sales, Direct Sales, Sales",Sales and Business ,2-4 Years,Monika Sharma,276
277,"Corporate Sales, International Sales, Sales",Sales and Business ,3-5 Years,Sukanya Sahoo,277
278,"Corporate Sales, Key Account Management, Profit and Loss Management, Sales, Stakeholder Management",Sales and Business ,3-7 Years,Ankita Singh,278
279,"Credit Risk Management, Python, SQL",Data Science and Analysis ,4-7 Years,Rinsy Backer,279
280,"Customer Interaction, Customer Relationship",Sales and Business ,3-5 Years,Aditi Dharan,280
281,"Customer Interaction, Customer Relationship, Customer Service",Sales and Business ,1-3 Years,Siya Chavan,281
282,"Customer Interaction, Customer Relationship, Customer Service",Sales and Business ,4-6 Years,Rashmi Sahu,282
283,"Customer Interaction, Customer Relationship, Customer Service",Sales and Business ,2-5 Years,Utkarsha Nagulpelli,283
284,"Customer Interaction, Customer Relationship, Customer Service",Sales and Business ,1-4 Years,Shivam Gupta,284
285,"Customer Interaction, Customer Relationship, Customer Service",Sales and Business ,2-4 Years,Manasa K R,285
286,"Customer Interaction, Customer Relationship, Customer Service",Sales and Business ,4-6 Years,Raghavendra H M,286
287,"Customer Interaction, Customer Relationship, Customer Service",Sales and Business ,0-3 Years,Fleet Stack,287
288,"Customer Interaction, Customer Relationship, Customer Service",Sales and Business ,0-4 Years,Aravind N,288
289,"Customer Interaction, Customer Relationship, Customer Service",Sales and Business ,9-13 Years,Suganthi Pichandi,289
290,"Customer Interaction, Customer Relationship, Customer Service",Sales and Business ,6-10 Years,Deepa Patkar,290
291,"Customer Interaction, Customer Relationship, Customer Service",Sales and Business ,3-5 Years,Shravika Nempe,291
292,"Customer Interaction, Customer Relationship, Customer Service",Sales and Business ,1-2 Years,Pashmina Chawla,292
293,"Customer Interaction, Customer Relationship, Customer Service",Sales and Business ,4-8 Years,Venkatesh G,293
294,"Customer Interaction, Customer Relationship, Customer Service",Sales and Business ,1-3 Years,Akansha S,294
295,"Customer Interaction, Customer Relationship, Customer Service",Sales and Business ,5-7 Years,Arron Insurance Brokers Pvt Ltd,295
296,"Customer Interaction, Customer Relationship, Customer Service",Sales and Business ,0-1 Years,Rashi Sharma,296
297,"Customer Interaction, Customer Relationship, Customer Service",Sales and Business ,0-3 Years,Nanditha Hr,297
298,"Customer Interaction, Customer Relationship, Customer Service, Grievance Management",Sales and Business ,0-4 Years,Mayank Singh,298
299,"Customer Interaction, Customer Relationship, Customer Service, Key Account Management",Sales and Business ,5-9 Years,Shilpa Purohit,299
300,"Customer Interaction, Customer Relationship, Customer Service, Key Account Management",Sales and Business ,8-12 Years,Trisha Baishnab,300
301,"Customer Interaction, Customer Relationship, Customer Service, Key Account Management",Sales and Business ,10-14 Years,Raghavendra H M,301
302,"Customer Interaction, Customer Relationship, Customer Service, Key Account Management",Sales and Business ,3-7 Years,Lavanya Prabhakar,302
303,"Customer Interaction, Customer Relationship, Customer Service, Key Account Management",Sales and Business ,1-2 Years,Sharon A,303
304,"Customer Interaction, Customer Relationship, Customer Service, Key Account Management",Sales and Business ,2-4 Years,Shailendra Singh,304
305,"Customer Interaction, Customer Relationship, Customer Service, Key Account Management",Sales and Business ,2-4 Years,Sharon A,305
306,"Customer Interaction, Customer Relationship, Customer Service, Key Account Management",Sales and Business ,3-7 Years,Swati Sehgal,306
307,"Customer Interaction, Customer Relationship, Customer Service, Key Account Management",Sales and Business ,1-5 Years,Vaishak Lakshmanan,307
308,"Customer Interaction, Customer Relationship, Customer Service, Key Account Management",Sales and Business ,3-7 Years,Devvender Singh,308
309,"Customer Interaction, Customer Relationship, Customer Service, Key Account Management",Sales and Business ,0-2 Years,Vandana Chauhan,309
310,"Customer Interaction, Customer Relationship, Customer Service, Key Account Management",Sales and Business ,1-4 Years,Dp Raj,310
311,"Customer Interaction, Customer Relationship, Customer Service, Key Account Management",Sales and Business ,2-4 Years,Anirud Balaji,311
312,"Customer Interaction, Customer Relationship, Key Account Management",Sales and Business ,2-5 Years,Sandhya Rani,312
313,"Customer Interaction, Customer Service, Key Account Management",Sales and Business ,2-6 Years,Prakher Saxena,313
314,"Customer Relationship, Customer Service",Sales and Business ,1-5 Years,Clarita Fernandes,314
315,"Customer Relationship, Direct Sales, Sales",Sales and Business ,1-5 Years,Alisha Saha,315
316,"Customer Relationship, Key Account Management",Sales and Business ,0-2 Years,Shilpa Lalgeri,316
317,"Customer Relationship, Marketing, Sales",Sales and Business ,1-3 Years,Durga Priya,317
318,"Customer Relationship, Sales, Telecalling",Sales and Business ,1-3 Years,Durga Priya,318
319,Customer Service,Sales and Business ,0-1 Years,Sony Naresh IT,319
320,Customer Service,Sales and Business ,0-4 Years,Mousumi Sah,320
321,Customer Service,Sales and Business ,1-5 Years,Boyapati Bhargava,321
322,Customer Service,Sales and Business ,1-1 Years,Kanchan Rajbhar,322
323,"Customer Service, Key Account Management",Sales and Business ,1-3 Years,Nikhila Shree,323
324,"Customer Service, Key Account Management",Sales and Business ,1-5 Years,Sanny Singh,324
325,"Demand Forecasting, Python, Machine Learning, PySpark, Sales Forecasting",Data Science and Analysis ,5-10 Years,Stuti Ahuja,325
326,"Digital Marketing, Google Analytics, Performance Marketing, Google Ads",Marketing ,3-8 Years,Asha Mathpal,326
327,Direct Sales,Sales and Business ,4-7 Years,Raman Mehrotra,327
328,"Direct Sales, Business Development, Channel Sales, Escalation Management, Loans",Sales and Business ,5-8 Years,Priya Desai,328
329,"Direct Sales, International Sales, Sales",Sales and Business ,1-5 Years,Ritu Agarwal,329
330,"Direct Sales, Sales",Sales and Business ,1-2 Years,Devrat Singh,330
331,"Direct Sales, Sales",Sales and Business ,0-4 Years,Arpita Chattopadhyay,331
332,"Direct Sales, Sales",Sales and Business ,5-7 Years,Riya Guchait,332
333,"Direct Sales, Sales",Sales and Business ,1-2 Years,Pratibha K,333
334,"Direct Sales, Sales",Sales and Business ,10-14 Years,Arya Suresh,334
335,"Direct Sales, Sales, Business Development",Sales and Business ,2-7 Years,Raman Mehrotra,335
336,"Direct Sales, Sales, Telecalling",Sales and Business ,1-5 Years,Archana Raha,336
337,"Direct Sales, Sales, Telecalling",Sales and Business ,2-4 Years,Rachala Gowda,337
338,"Direct Sales, Telecalling",Sales and Business ,2-4 Years,Deepak Mahajan,338
339,"Distributed Systems, Java, Microservices",Software Engineering ,7-11 Years,Moumita Ghosh,339
340,"Engineering Management, Golang, Node.js, PostgreSQL, Redis, TypeScript",Technical Management ,5-9 Years,Rishika Singh,340
341,"Finance, Partnerships",Operations ,5-9 Years,Punitha Prakash,341
342,"GRC, ITGC, SAP S4 HANA, SAP Security, SOD",IT Operations and Support ,3-7 Years,Sporshita Ray,342
343,"General Management, Corporate Strategy, Strategic Planning",Sales and Business ,2-4 Years,Nikita,343
344,"General Management, Corporate Strategy, Strategic Planning",Sales and Business ,2-6 Years,Uloapp A New Wave Of Living,344
345,"General Management, Strategic Planning",Sales and Business ,1-5 Years,Careers Voiceoc,345
346,"Golang, Java, JavaScript, Python",Technical Management ,8-12 Years,Divya Kasula,346
347,"GraphQL, Node.js, React.js",Software Engineering ,8-12 Years,Ashwin Narayan,347
348,"HR Analytics, Product Management, Agile, Change Management, Compliance Management",Technical Management ,5-9 Years,Siddhartha S,348
349,"Hibernate, J2EE, Java, Spring",Software Engineering ,3-6 Years,Chaithra G,349
350,"Hotel Operations, Key Account Management, Business Development, Direct Sales",Operations ,3-8 Years,Surabhi Sundaresan,350
351,International Sales,Sales and Business ,1-5 Years,Ruchi Banthiya Head Human Resource At Prodex,351
352,"International Sales, Business Development, Direct Sales, Sales, Telecalling",Sales and Business ,0-1 Years,Neha Tiwari,352
353,"International Sales, Sales",Sales and Business ,2-6 Years,Venkhatesh Ayyappan,353
354,"International Sales, Sales",Sales and Business ,1-3 Years,Priyanshu Sharma,354
355,"International Sales, Sales",Sales and Business ,2-6 Years,Tanvi Agarwal,355
356,"International Sales, Sales",Sales and Business ,1-4 Years,Revati Singh,356
357,"International Sales, Sales",Sales and Business ,2-6 Years,Shivani Sharma,357
358,"International Sales, Sales",Sales and Business ,6-10 Years,Hema Negi,358
359,"Inventory Management, Material Management, Operations Management, Quality Control",Operations ,4-8 Years,Ashok Biswal,359
360,"Inventory Management, Material Management, Procurement, Vendor Management",Operations ,2-4 Years,Sowmya Murthy,360
361,Java,Software Engineering ,6-9 Years,Ashna Thakur,361
362,Java,Software Engineering ,10-15 Years,Dushyant Reddy,362
363,"Java, Python, SQA, Spark, Scala",Data Science and Analysis ,1-4 Years,Poonam Thute,363
364,"JavaScript, Node.js, React.js, Docker, MongoDB",Software Engineering ,3-6 Years,Shivkumar Gurram,364
365,"Logistics Management, Operations Management, Process Improvement, Production Management, Supply Chain Management",Operations ,5-9 Years,Abhishek S Thalanki,365
366,"Logistics Management, Operations Management, Procurement, Production Management, Quality Control, Vendor Management",Operations ,2-4 Years,Mandeep Agarwal,366
367,"Logistics Management, Operations Management, Production Management, Vendor Management",Operations ,2-6 Years,Mandeep Agarwal,367
368,"Magento, Advertising, Java, Linux",Software Engineering ,7-12 Years,Varsha Gaitonde,368
369,"Marketing, Marketing Operations, Product Management, Product Marketing",Marketing ,2-7 Years,Feroj Sayyad,369
370,"Microservices, NoSQL, Java, Node.js, React.js",Software Engineering ,6-10 Years,Mythili Achappa,370
371,"Microservices, Performance Testing, REST Assured, Selenium",Software Engineering ,8-12 Years,Nithin Gaddam,371
372,"Node.js, Distributed Systems, JavaScript, TypeScript",Software Engineering ,4-8 Years,Ankita Sharma,372
373,Operations Management,Operations ,3-7 Years,Pooja Hudda,373
374,Operations Management,Sales and Business ,1-3 Years,Sultan Sayyed,374
375,Operations Management,Operations ,3-5 Years,Vatsala Rawat,375
376,Operations Management,Operations ,1-2 Years,Nisha Shahapur,376
377,Operations Management,Operations ,0-2 Years,Mansi Kanyal,377
378,Operations Management,Operations ,2-4 Years,Soumya Saxena,378
379,Operations Management,Operations ,0-1 Years,Shivangi Kant,379
380,"Operations Management, Process Improvement",Operations ,4-7 Years,Sai Kiran Reddy,380
381,"Operations Management, Process Improvement",Operations ,3-6 Years,Mansi Malhotra,381
382,"Operations Management, Process Improvement, Procurement, Quality Control, Vendor Management",Operations ,2-6 Years,Siddharth Bhargav,382
383,"Operations Management, Process Improvement, Vendor Management",Operations ,1-3 Years,Kiyah Singh,383
384,"Operations Management, Quality Control, Vendor Management",Operations ,12-16 Years,Shreya Tripathi,384
385,"Operations Management, Sales, Customer Service, Telecalling",Sales and Business ,1-4 Years,Shweta Sharma,385
386,Pharmacy Operations,Sales and Business ,0-4 Years,Suneel Chirra,386
387,Process Improvement,Operations ,1-5 Years,Ruby K,387
388,"Procurement, Supply Chain Management, Vendor Management, Warehouse Operations",Operations ,5-7 Years,Ekta Singh Assoc Cipd,388
389,"Product Lifecycle Management, Product Management, UX Design",Technical Management ,8-13 Years,Asha Mathpal,389
390,Product Management,Technical Management ,4-6 Years,Mehak Sharma,390
391,Product Management,Technical Management ,3-5 Years,Asha L,391
392,Product Management,Technical Management ,10-14 Years,Bidyut Ganguly,392
393,"Product Management, Agile, Data Analysis, Stakeholder Management, Warranty Management",Technical Management ,5-9 Years,Siddhartha S,393
394,"Product Management, Product Lifecycle Management",Technical Management ,4-9 Years,Ankita Sharma,394
395,"Product Management, UX Design, Wireframing",Technical Management ,4-8 Years,Abha,395
396,Python,Software Engineering ,8-12 Years,Brian Chetram,396
397,"Python, AWS, ETL, NLP, SQL",Software Engineering ,3-8 Years,Ankita Sharma,397
398,"Python, SQL",Software Engineering ,1-6 Years,Asha Mathpal,398
399,"Python, SQL, Machine Learning, R",Data Science and Analysis ,4-6 Years,Krishanu B,399
400,"Python, SQL, NLP, Scala",Software Engineering ,7-11 Years,Ankita Sharma,400
401,"React.js, Architecture, HTML, JavaScript, Redux",Software Engineering ,8-12 Years,Kaberi Baruah,401
402,"React.js, Redux",Software Engineering ,3-6 Years,Yash Thakare,402
403,"Recruitment, US Recruitment",Human Resources ,2-5 Years,Gayathri Govardhana,403
404,Sales,Sales and Business ,5-7 Years,Janani Anandhan Sheher,404
405,Sales,Sales and Business ,10-14 Years,Chetan Chopra Hehim,405
406,Sales,Sales and Business ,1-5 Years,Revathi S,406
407,Sales,Sales and Business ,3-7 Years,Vignesvaran Ar,407
408,Sales,Sales and Business ,1-2 Years,Careers Voiceoc,408
409,Sales,Sales and Business ,1-5 Years,Vaishak Lakshmanan,409
410,Sales,Sales and Business ,3-7 Years,Ashok Biswal,410
411,Sales,Sales and Business ,1-5 Years,Indira B,411
412,Sales,Sales and Business ,0-2 Years,Uravshi Tyagi,412
413,Sales,Sales and Business ,1-3 Years,Parul Tiwary,413
414,Sales,Sales and Business ,2-6 Years,Ashok Biswal,414
415,Sales,Sales and Business ,3-5 Years,Divyangi Nandkeolyar,415
416,Sales,Sales and Business ,8-12 Years,Praksheela M,416
417,Sales,Sales and Business ,2-4 Years,Soumya Sp,417
418,Sales,Sales and Business ,2-6 Years,Minal Darve,418
419,"Sales, Telecalling",Sales and Business ,0-1 Years,Rakshita Tibrewal,419
420,"Sales, Telecalling",Sales and Business ,1-5 Years,Divya Karmakar,420
421,"Sales, Telecalling",Sales and Business ,1-3 Years,Nanda Kishore,421
422,"Sales, Telecalling",Sales and Business ,1-5 Years,Ruby K,422
423,Salesforce,Software Engineering ,3-6 Years,Sony Naresh IT,423
424,Telecalling,Sales and Business ,1-2 Years,Priyadharshini Gunasekaran,424
425,Telecalling,Sales and Business ,1-5 Years,Boyapati Bhargava,425
426,"UX Design, Figma, Photoshop, Sketch",Design and Creative ,7-12 Years,Vishal Negi,426
